Jogador,Time,Idade,Data de nascimento,Altura,Pé,Contrato expira em,Index,Partidas jogadas,Minutos jogados,Disputas na defesa,"Disputas defensivas ganhas, %",Desarmes,% de desarmes bem sucedidos,Interceptações,Rebotes,Erros graves,Falhas em gols,Disputas no ataque,"Disputas ofensivas ganhas, %",Dribles,% de dribles com sucesso,Gols,Chances de gol,"Chances c/ sucesso, %",Chutes,Xg,Bolas perdidas,Bolas perdidas / no próprio campo,Passes,Passes chave,"Passes chave precisos,%",Passes dentro da área,"Passes dentro da área / precisos, %",Passa para o terço final,"Passa para frente (ângulo de captura - 120 graus) até o terço final, preciso, %",Escalações no time titular,Disputas aéreas,"Desafios aéreos vencidos, %",Faltas,Dribles no último terço do campo,"Dribles no último terço do campo com sucesso, %",Faltas sofridas,Bolas recuperadas,Bolas recuperadas no campo do adversário,Gols de cabeça,"Chutes no gol, %","Gols marcados do número total de chutes, %",Perdas individuais,Controle de bola ruim,Impedimentos,Passes precisos %,Assistências,Chances criadas,Passes progressivos,"Passes progressivos precisos,%",Passes longos,"Passes longos, precisos, %",Cruzamentos,% de precisão nos cruzamentos,Bolas perdidas após passes no próprio campo,xA
Tiago Rodrigues,Penafiel,33,1992-01-29,177,Direita,2022-06-30,175,30,2602,106,42%,57,32%,56,29,3,2,66,55%,23,52%,1,3,33%,37,1.45,132,28,876,17,94%,122,38%,164,52%,28,25,32%,33,9,44%,12,87,38,-,19%,3%,38,2,2,74%,2,19,249,60%,85,48%,29,14%,14,3.55
Javi Vázquez,Sport Clube Uniao Torreense,24,2000-09-24,178,Canhoto,2023-06-30,195,34,3345,115,54%,45,58%,69,12,1,-,116,49%,48,46%,4,10,40%,46,2.19,213,45,1494,34,100%,187,42%,202,54%,34,61,51%,28,25,36%,23,97,37,-,20%,9%,73,2,1,72%,7,43,324,58%,128,46%,118,19%,32,7.45
Diogo Nascimento,Vizela,22,2002-11-02,166,Canhoto,2024-06-30,184,32,2903,121,46%,48,58%,56,31,5,1,154,42%,63,44%,1,15,7%,49,3.42,164,42,1754,12,100%,61,67%,196,77%,31,35,34%,48,21,38%,69,114,38,-,33%,2%,75,2,-,90%,-,12,363,77%,49,61%,22,18%,18,4
Landinho,Futebol Clube De Felgueiras,32,1993-01-13,180,Direita,2022-06-30,185,32,2486,109,52%,47,57%,45,25,-,-,72,54%,19,47%,1,10,10%,39,1.82,134,18,1100,15,100%,104,38%,193,62%,27,55,62%,34,15,47%,30,86,44,-,23%,3%,33,2,1,79%,5,21,328,68%,67,49%,27,7%,12,6.55
Domingos Andrade,Porto II,22,2003-05-07,183,Direita,2024-06-30,186,30,2788,195,57%,60,62%,109,27,-,-,109,62%,30,50%,-,4,0%,24,0.84,120,34,1161,4,100%,19,32%,129,63%,30,114,59%,48,10,40%,91,115,53,-,21%,0%,45,4,-,82%,2,7,233,61%,46,63%,11,18%,14,2.79
Léo Azevedo,Sport Clube Uniao Torreense,21,2004-03-14,,-,-,181,32,2746,255,56%,102,59%,91,41,3,2,170,56%,76,53%,1,11,9%,26,2.98,162,42,1036,5,100%,35,46%,184,57%,28,76,54%,60,26,50%,24,152,72,1,38%,4%,57,5,2,77%,-,6,295,62%,51,41%,10,30%,21,2.3
Yannick Semedo,Vizela,29,1995-12-29,171,Direita,2021-06-30,190,30,2675,90,47%,34,56%,68,19,-,-,73,59%,29,62%,2,4,50%,38,1.02,201,28,1958,40,100%,204,38%,324,67%,29,41,44%,15,8,63%,36,129,52,-,24%,5%,35,3,-,80%,2,40,557,71%,138,59%,46,17%,18,12.77
Vladan Danilovi?,Maritimo,25,1999-07-27,,-,-,188,30,2588,156,63%,61,57%,62,10,1,1,87,66%,28,82%,-,10,0%,35,2.05,103,15,1368,6,100%,36,47%,177,76%,26,52,48%,38,10,60%,60,171,65,-,11%,0%,39,-,1,89%,-,7,303,80%,37,62%,17,18%,8,2.28
Chriso,Mafra,25,1999-12-15,,-,-,175,32,2540,145,52%,57,60%,90,17,-,-,97,65%,40,68%,2,5,40%,27,0.96,145,31,938,3,100%,43,16%,181,50%,27,52,54%,59,12,50%,45,144,66,-,37%,7%,37,4,-,75%,-,3,296,53%,84,50%,7,0%,15,0.99
Tomás Moreira,Benfica U23,19,2005-06-26,178,-,2023-06-30,175,29,2214,186,54%,94,57%,88,137,2,2,110,54%,23,52%,3,12,25%,21,2.71,119,22,935,10,60%,44,34%,105,71%,23,52,62%,50,12,42%,23,89,38,-,33%,14%,45,13,1,83%,2,10,193,67%,30,60%,15,27%,17,3.39
Talocha,Tondela,35,1989-08-30,180,Canhoto,2024-06-30,181,29,2210,91,67%,25,72%,52,5,1,-,65,71%,17,41%,3,18,28%,34,2.7,139,26,861,9,100%,86,37%,135,49%,23,71,76%,22,9,44%,14,106,35,-,32%,9%,34,-,3,68%,3,17,196,53%,60,28%,52,33%,18,3.42
Filipe Alves,Uniao Desportiva Oliveirense,33,1991-08-13,182,Direita,2022-06-30,170,25,2137,128,48%,49,47%,92,16,2,1,81,62%,11,73%,1,4,25%,10,1.73,94,22,914,-,-,22,18%,144,53%,23,80,59%,41,1,0%,40,133,50,1,30%,10%,28,2,2,77%,-,-,240,58%,60,52%,2,0%,12,1.79
Aílson Tavares,Futebol Clube De Felgueiras,26,1998-07-20,188,Direita,2022-06-30,189,31,2526,188,55%,53,58%,91,10,-,-,106,73%,27,63%,1,3,33%,17,1.09,68,21,919,6,100%,24,42%,126,56%,26,109,64%,56,8,88%,33,154,58,-,29%,6%,24,-,-,81%,-,6,223,62%,43,47%,7,43%,10,1.1
Ageu,Futebol Clube De Alverca,23,2002-02-20,,-,-,199,27,2477,144,55%,35,49%,62,-,-,-,155,55%,31,55%,7,26,27%,49,7.86,126,30,767,12,100%,29,69%,93,56%,25,150,63%,54,10,40%,77,125,47,1,45%,14%,70,-,6,78%,3,14,191,63%,19,47%,9,22%,11,4.56
Diogo Prioste,Benfica II,21,2004-03-26,179,Ambos,-,190,28,2450,112,48%,35,46%,75,43,2,-,41,71%,7,43%,7,10,70%,24,4.29,84,14,1423,6,100%,42,43%,180,69%,26,47,47%,20,3,67%,22,129,45,-,38%,29%,17,1,-,87%,1,7,327,74%,98,58%,10,20%,10,2.37
Daniel Lima de Castro,Sport Clube Uniao Torreense,25,1999-06-08,185,-,-,188,31,2424,140,58%,59,59%,70,11,-,-,146,53%,66,56%,1,6,17%,18,1.74,139,30,976,11,100%,121,34%,135,64%,23,71,59%,24,31,39%,26,112,37,1,39%,6%,61,3,1,70%,3,13,195,57%,37,43%,53,15%,16,3.67
Ewerton,Penafiel,32,1992-12-01,181,Direita,2024-06-30,178,28,2013,121,55%,49,57%,43,1,-,-,67,76%,14,64%,2,6,33%,11,1.44,72,16,706,1,100%,22,32%,104,50%,20,57,60%,26,2,50%,32,108,38,2,45%,18%,15,-,-,77%,1,2,163,53%,29,45%,2,50%,11,0.89
Tiago Manso,Tondela,25,1999-12-13,174,Direita,2024-06-30,184,32,2253,157,55%,72,64%,60,10,4,2,85,40%,25,32%,3,9,33%,39,3.79,158,33,876,7,100%,75,47%,105,58%,23,40,33%,29,18,28%,18,92,20,-,33%,8%,61,2,4,72%,3,10,170,52%,47,40%,61,26%,24,4.74
Pedro Henrik Rocha Pelagio,Chaves,25,2000-04-21,181,Direita,2025-06-30,178,27,2099,121,48%,40,43%,54,10,-,-,64,67%,18,56%,-,6,0%,17,0.99,109,33,1037,10,100%,47,49%,153,60%,21,56,57%,54,6,83%,48,89,32,-,29%,0%,30,-,-,82%,-,10,253,64%,44,45%,13,23%,22,2
Nuno Félix,Benfica II,21,2004-03-16,177,Direita,2023-06-30,179,27,1974,111,44%,41,37%,51,8,-,-,70,51%,16,50%,1,8,13%,26,2.79,77,15,953,2,100%,19,42%,114,75%,20,70,53%,24,6,33%,31,78,35,1,35%,4%,18,3,1,86%,3,4,182,73%,27,56%,6,0%,9,2.05
Pedro Pinho,Chaves,25,2000-04-06,189,Direita,2022-06-30,180,30,1941,116,48%,50,44%,53,3,-,-,74,55%,18,44%,3,9,44%,26,2.13,96,27,769,1,100%,16,56%,79,63%,19,55,56%,50,7,43%,49,75,30,1,38%,12%,30,-,-,83%,1,2,160,68%,49,71%,6,17%,16,1.92
Hélder Tavares,Tondela,35,1989-12-26,180,Direita,2023-06-30,178,28,1951,110,57%,41,68%,44,21,3,-,70,64%,16,56%,1,3,33%,11,1.31,93,26,593,5,100%,28,57%,101,56%,24,47,60%,72,4,75%,23,86,35,-,18%,9%,29,2,2,74%,2,5,148,55%,30,47%,14,21%,17,1.5
Cícero,Tondela,28,1997-05-10,178,-,-,189,26,1895,119,50%,51,61%,61,7,-,-,63,75%,3,67%,1,9,22%,15,1.4,79,30,799,2,100%,11,45%,80,68%,19,73,62%,20,1,100%,15,63,31,1,20%,7%,23,-,-,83%,-,4,158,72%,23,52%,-,-,20,0.6
Cuca,CF Os Belenenses,34,1991-01-09,177,Ambos,2023-06-30,169,28,1915,164,52%,77,49%,97,120,7,1,101,51%,25,60%,1,2,50%,8,0.95,90,17,589,7,29%,22,41%,86,62%,20,66,47%,34,11,45%,11,99,33,-,13%,13%,28,14,1,76%,-,3,155,59%,16,38%,6,33%,4,1.63
Henrique Jocú,Hapoel Tel Aviv,23,2001-09-09,177,Direita,2024-06-30,183,27,1684,122,53%,48,58%,56,88,4,1,81,67%,27,81%,-,4,0%,15,0.71,87,23,1110,3,100%,15,13%,114,70%,15,34,50%,18,8,75%,25,75,32,-,27%,0%,20,7,-,89%,-,4,220,72%,49,51%,6,0%,15,0.65
Samba Koné,Academico Viseu,23,2002-03-22,190,-,2022-06-30,172,26,1558,91,53%,24,75%,36,4,1,-,119,60%,34,68%,2,5,40%,16,1.17,95,18,532,3,100%,9,22%,54,46%,14,76,55%,27,10,60%,15,59,24,-,50%,13%,35,-,1,75%,1,4,102,49%,14,43%,6,17%,7,1.04
André Santos,Uniao Desportiva Oliveirense,36,1989-03-02,180,Direita,2023-06-30,166,27,1884,86,43%,29,45%,36,23,-,-,116,47%,44,59%,1,3,33%,16,0.72,122,26,639,6,67%,27,30%,106,59%,22,46,39%,27,14,50%,51,68,29,-,19%,6%,49,3,-,79%,1,7,173,61%,44,55%,4,25%,10,2.1
Ibrahima,Maritimo,26,1998-10-14,190,-,2023-06-30,188,20,1550,84,63%,28,57%,45,2,2,1,63,63%,21,62%,3,11,27%,21,1.8,49,14,508,6,100%,15,67%,66,61%,19,45,73%,49,6,83%,23,63,24,1,29%,14%,18,-,-,79%,-,7,120,66%,12,58%,5,0%,9,0.87
Vítor Gonçalves,Mafra,33,1992-03-29,174,Direita,2023-06-30,165,26,1689,60,40%,22,50%,32,3,1,1,85,53%,21,43%,1,6,17%,17,0.84,98,20,697,10,90%,68,46%,103,51%,18,48,50%,26,12,42%,31,56,30,-,29%,6%,35,1,1,76%,2,12,161,60%,37,49%,31,16%,15,3.43
Yacouba Maïga,Mafra,21,2004-05-15,,-,-,179,20,1477,126,56%,41,56%,58,22,1,-,102,57%,13,38%,1,5,20%,14,1.31,82,15,527,2,100%,15,13%,72,42%,17,106,62%,29,3,33%,22,91,42,-,21%,7%,27,4,-,75%,-,2,117,50%,24,46%,2,0%,8,1.32
Momo Diaby,Portimonense SC,28,1996-09-03,197,Direita,2024-06-30,183,18,1238,79,65%,24,75%,32,6,-,-,71,69%,21,76%,-,2,50%,11,1.26,41,14,389,1,100%,6,17%,38,47%,14,54,76%,23,3,67%,23,59,17,-,18%,0%,17,-,1,84%,-,2,79,56%,14,64%,3,0%,6,0.4
Sabino,Uberlandia,26,1999-05-18,180,Direita,-,167,24,1190,88,50%,27,37%,29,3,1,-,49,57%,13,54%,-,5,0%,13,0.95,62,14,521,3,100%,12,25%,86,57%,10,51,55%,38,4,50%,28,79,27,-,23%,0%,17,-,2,73%,1,4,142,58%,35,40%,2,0%,8,0.65
Francisco França,Maritimo,23,2002-02-16,186,Canhoto,2025-06-30,174,25,1008,54,50%,18,50%,27,30,1,1,40,45%,6,33%,1,5,20%,28,0.88,77,9,428,5,100%,38,24%,64,59%,9,37,46%,35,3,33%,12,48,21,-,25%,4%,31,3,-,77%,3,8,98,56%,30,37%,25,28%,1,1.47
Castro,Porto II,37,1988-04-02,181,Direita,2023-06-30,169,23,1522,99,45%,29,52%,45,5,-,-,44,50%,13,23%,1,5,20%,14,0.84,81,18,622,4,100%,24,50%,94,57%,17,49,39%,32,3,0%,24,76,35,-,7%,7%,27,1,-,79%,1,6,155,57%,39,41%,10,30%,10,0.9
Rodrigo Fernandes,Porto II,24,2001-03-23,184,Canhoto,2023-06-30,169,18,950,44,52%,19,53%,28,11,3,1,29,62%,9,67%,-,-,-,2,0.08,70,15,616,6,100%,32,47%,123,46%,9,20,65%,8,1,100%,13,51,24,-,0%,0%,17,2,-,79%,1,6,192,58%,58,48%,5,40%,8,0.92
Aleksandar Busnic,Vizela,27,1997-12-04,191,Direita,2024-05-31,175,24,947,74,61%,31,61%,29,5,1,-,40,78%,4,50%,1,5,20%,7,0.47,45,13,383,1,100%,11,45%,45,44%,8,35,66%,28,1,0%,6,44,14,-,29%,14%,10,-,-,78%,1,3,89,48%,20,40%,1,100%,6,0.78
Luís Silva,Avs Futebol,32,1992-09-29,185,Canhoto,2023-06-30,174,20,1460,75,53%,35,57%,28,-,-,-,31,61%,4,25%,-,3,0%,7,0.44,69,21,563,2,100%,12,25%,66,47%,17,25,52%,38,1,0%,18,49,22,-,0%,0%,23,1,-,81%,1,4,109,53%,26,54%,4,0%,9,1.62
Zé Ricardo,Avs Futebol,26,1998-09-04,180,Canhoto,2024-06-30,176,14,902,62,66%,28,68%,23,-,-,-,44,70%,14,64%,1,3,33%,10,0.69,77,15,362,5,100%,37,30%,59,51%,10,15,47%,24,4,25%,13,47,12,-,20%,10%,30,-,-,70%,-,5,78,49%,38,16%,22,14%,9,0.49
Neneco,Sport Clube Uniao Torreense,29,1995-07-05,188,Direita,2022-08-27,173,13,863,53,55%,15,60%,22,-,-,-,25,64%,6,50%,-,2,0%,8,0.89,24,14,302,1,100%,7,43%,23,61%,10,17,59%,22,2,50%,4,45,20,-,13%,0%,9,-,-,86%,-,1,49,71%,8,75%,2,0%,8,0.24
Nuno Cunha,Tondela,24,2001-01-11,178,Canhoto,2023-06-30,174,25,840,58,57%,25,44%,20,6,-,-,24,50%,8,75%,1,4,25%,14,0.98,34,9,344,3,100%,16,63%,53,77%,5,19,32%,12,2,50%,9,32,13,-,7%,7%,10,2,-,86%,1,3,87,76%,14,86%,4,25%,5,1.86
André Simões,Leixoes,35,1989-12-16,177,Direita,2022-06-30,180,22,1336,131,56%,60,62%,51,41,2,-,49,65%,10,80%,-,1,0%,5,0.19,48,18,612,3,67%,17,53%,76,64%,14,41,49%,32,2,100%,22,85,31,-,20%,0%,13,1,-,83%,1,3,129,64%,17,47%,7,29%,10,0.47
Seruca,SC Farense,24,2000-10-29,188,Direita,2022-06-30,166,14,791,60,62%,21,43%,31,-,-,-,42,60%,3,67%,-,-,-,-,-,35,8,218,2,100%,8,38%,40,48%,8,51,59%,29,1,0%,10,47,15,-,-,-,16,-,-,70%,-,2,66,50%,17,35%,1,0%,5,0.54
André Oliveira,Porto II,19,2005-10-01,186,Direita,-,181,20,1215,102,48%,47,36%,31,13,-,-,66,53%,31,45%,1,6,17%,11,1.16,73,24,643,5,100%,17,65%,83,67%,13,36,64%,17,9,33%,13,60,28,-,36%,9%,23,1,-,84%,1,7,136,72%,37,51%,2,100%,13,0.98
Moudja Sie Ouattara,Tondela,23,2002-05-20,,Canhoto,-,174,14,543,21,57%,6,83%,10,-,-,-,37,41%,20,50%,2,3,67%,9,0.45,37,2,122,2,100%,6,17%,12,50%,3,8,13%,12,13,54%,19,13,4,-,22%,22%,24,-,1,75%,-,2,13,54%,4,50%,15,27%,1,0.88
Ricardo Dias,Futebol Clube De Alverca,34,1991-02-25,189,Direita,2024-06-30,181,25,1142,94,60%,23,43%,59,23,5,2,35,63%,4,100%,-,1,0%,3,0.33,40,12,468,1,100%,7,43%,67,70%,9,60,67%,21,-,-,14,76,23,-,33%,0%,12,1,-,84%,-,2,107,74%,18,50%,-,-,8,0.31
João Veloso,Benfica II,19,2005-06-26,185,Direita,-,175,28,1140,67,57%,29,62%,16,6,1,-,54,39%,20,55%,1,2,50%,11,1.26,54,13,449,5,80%,24,42%,53,62%,8,16,50%,25,11,45%,14,34,17,1,27%,9%,27,-,1,80%,2,6,100,61%,13,46%,9,44%,6,2.05
Paul Okon,Benfica II,20,2005-01-24,183,-,-,174,11,433,35,57%,16,81%,27,20,-,-,18,61%,8,88%,-,1,0%,1,0.3,20,9,253,1,100%,7,14%,39,67%,4,10,30%,8,1,100%,2,37,14,-,100%,0%,3,2,-,84%,-,1,54,74%,12,25%,-,-,6,-
Paulo Estrela,Sk?nderbeu,26,1999-02-20,171,Direita,2022-06-30,188,5,408,36,44%,16,56%,22,24,2,-,22,73%,3,100%,-,-,-,4,0.12,23,7,203,3,100%,20,35%,26,62%,4,16,44%,4,2,100%,6,20,4,-,75%,0%,2,2,-,77%,-,3,41,66%,13,69%,4,25%,6,0.48
Diogo Amado,Uniao Desportiva Leiria,35,1990-01-21,178,Direita,2022-06-30,182,18,1073,62,56%,22,59%,39,5,-,-,21,52%,7,57%,-,-,-,2,0.04,42,13,550,-,-,5,0%,43,60%,10,27,52%,11,2,50%,10,69,20,-,0%,0%,12,1,-,89%,-,-,85,71%,18,44%,-,-,6,0.22
Pedro Tiba,Chaves,36,1988-08-31,174,Direita,2024-06-30,174,20,1036,49,49%,20,50%,23,21,-,-,49,43%,17,47%,1,2,50%,17,1.16,76,13,468,5,80%,29,34%,77,55%,13,10,40%,16,4,25%,10,33,13,-,35%,6%,22,1,-,77%,1,6,125,57%,25,40%,8,0%,8,0.6
Tiago Ribeiro,Valencia II,23,2002-03-14,185,Canhoto,2021-06-30,159,11,365,27,52%,11,73%,7,-,-,-,12,25%,2,0%,-,1,0%,8,0.25,23,6,169,2,100%,16,19%,22,64%,2,9,33%,10,1,0%,5,13,2,-,25%,0%,11,-,-,78%,-,1,32,69%,11,45%,7,0%,3,0.53
Hugues Evrard Hugues Evrard,-,35,1990-05-04,170,Direita,2021-06-30,168,17,997,47,45%,18,56%,26,-,-,-,24,50%,1,0%,-,1,100%,5,0.15,32,8,313,-,-,6,17%,49,61%,10,27,30%,23,-,-,19,36,19,-,20%,0%,6,-,-,81%,-,1,69,58%,23,52%,-,-,5,0.41
Rúben Pinto,Sport Clube Uniao Torreense,33,1992-04-24,183,Direita,2024-06-30,170,19,969,52,65%,19,53%,25,3,-,-,27,74%,3,67%,-,-,-,3,0.05,47,16,404,1,0%,25,44%,66,47%,13,29,69%,17,-,-,6,42,16,-,0%,0%,9,-,-,78%,-,-,105,54%,33,42%,2,0%,10,1.09
Fransergio,Operario PR,34,1990-10-18,187,Direita,2024-06-30,188,11,959,59,61%,23,57%,18,15,3,-,38,61%,5,100%,-,4,0%,9,0.64,49,3,384,3,67%,19,21%,67,46%,10,40,63%,15,1,100%,17,40,21,-,22%,0%,10,1,1,77%,-,3,113,52%,27,44%,3,33%,2,0.8
Reko,Penafiel,29,1995-07-25,180,Direita,2024-06-30,171,31,2124,96,46%,35,60%,40,10,1,1,97,44%,23,30%,4,11,36%,25,2.48,141,29,728,10,90%,107,40%,94,46%,25,56,43%,39,7,14%,33,51,21,1,24%,16%,52,1,4,70%,-,11,162,53%,32,47%,17,12%,14,2.15
Nor Maviram,Tondela,24,2001-04-04,,-,-,190,31,1442,64,50%,22,55%,50,21,1,-,81,54%,37,59%,-,6,0%,13,1.09,95,19,589,12,83%,61,49%,65,57%,15,35,49%,20,20,55%,17,60,24,-,23%,0%,29,2,1,73%,3,16,104,56%,20,30%,38,29%,13,5.08
Pedro Bicalho,Futebol Clube De Alverca,24,2001-04-23,179,Direita,2024-12-31,185,33,2135,88,53%,38,63%,53,31,1,-,93,62%,28,64%,2,4,50%,26,0.95,103,29,1044,5,80%,34,38%,138,64%,21,33,55%,43,10,70%,28,102,33,-,35%,8%,27,3,-,85%,-,6,229,66%,60,52%,3,33%,16,2.85
Rafael Luís,Benfica II,20,2005-02-18,186,Direita,-,173,30,1620,82,50%,32,53%,28,22,1,1,60,65%,27,70%,-,3,0%,20,0.84,99,23,928,5,80%,46,35%,149,60%,17,21,52%,21,9,56%,13,61,26,-,30%,0%,22,1,1,81%,1,6,253,62%,57,35%,9,22%,11,1.3
Nils Mortimer,Academico Viseu,23,2001-06-11,179,Canhoto,2025-06-30,167,18,779,36,39%,10,40%,14,6,-,-,55,44%,19,32%,-,1,0%,6,0.25,60,20,360,5,80%,23,35%,47,55%,5,19,42%,20,4,75%,8,29,7,-,17%,0%,22,1,-,77%,1,5,81,54%,14,14%,2,0%,11,0.96
Juan Balanta,Sport Clube Uniao Torreense,28,1997-03-03,173,Direita,2023-06-30,183,32,2740,115,53%,57,49%,59,24,1,-,85,65%,21,67%,3,8,38%,21,2.41,113,28,1031,14,79%,68,35%,151,59%,25,35,63%,51,3,100%,73,102,40,-,29%,14%,39,2,-,82%,2,11,245,62%,77,49%,5,60%,15,3.47
Crystopher,Uniao Desportiva Leiria,26,1998-06-07,,-,-,187,30,1993,74,38%,36,42%,29,9,-,-,92,45%,29,55%,3,12,25%,49,3.7,122,23,917,23,78%,105,43%,124,60%,19,26,35%,16,10,50%,21,49,18,-,33%,6%,54,1,2,81%,7,26,231,70%,39,54%,19,21%,8,8.18
Soufiane Messeguem,Academico Viseu,24,2001-02-05,180,-,2026-06-30,170,29,1981,135,48%,46,59%,60,15,3,1,105,51%,46,48%,1,6,17%,11,0.4,119,24,684,6,67%,31,48%,80,58%,22,50,42%,39,18,50%,36,73,19,-,36%,9%,54,3,3,75%,2,6,145,52%,42,33%,15,27%,12,3.27
Janickson da Silva,Alverca II,20,2004-12-05,,-,-,160,19,1353,99,40%,42,55%,57,93,3,-,155,59%,76,75%,-,3,0%,8,0.66,99,32,561,3,67%,49,51%,56,54%,16,37,43%,14,28,79%,35,46,17,-,13%,0%,48,20,1,81%,1,6,109,61%,13,54%,6,33%,11,1.45
Dani Bolt,Sport Clube Uniao Torreense,25,1999-06-18,183,Direita,2020-04-30,207,3,305,20,85%,13,85%,17,10,-,-,23,52%,13,38%,-,-,-,3,0.06,21,5,104,3,67%,16,38%,10,70%,3,5,100%,2,6,33%,5,16,5,-,33%,0%,8,-,1,73%,-,2,13,62%,4,25%,10,20%,2,0.61
Cihan Kahraman,Academico Viseu,26,1998-10-08,175,Direita,2025-06-30,168,22,1090,63,30%,21,29%,20,12,-,-,66,41%,26,50%,1,1,100%,16,0.69,58,11,465,8,63%,45,36%,49,61%,13,24,29%,26,10,60%,15,30,15,-,31%,6%,26,1,-,78%,1,6,73,62%,24,71%,10,20%,7,0.71
Sori Mané,Academico Viseu,29,1996-04-03,187,Direita,2023-06-30,170,31,2398,137,55%,38,58%,70,18,2,1,51,67%,10,80%,-,4,0%,11,1.78,83,18,912,5,60%,17,24%,129,54%,24,86,58%,22,-,-,20,119,40,-,27%,0%,21,5,-,82%,2,7,223,57%,73,51%,4,25%,9,0.94
Danilson Gomes Tavares,CF Os Belenenses,25,2000-03-06,184,Direita,2022-06-30,178,17,670,68,44%,45,51%,33,54,1,1,91,54%,36,67%,-,2,0%,11,0.52,66,13,215,5,60%,22,27%,22,59%,7,18,39%,20,14,57%,12,30,13,-,36%,0%,29,8,-,67%,-,5,50,44%,17,53%,19,16%,7,0.61
John Kolawole,Mafra U23,20,2004-07-24,178,-,-,159,27,1522,142,46%,77,43%,70,97,7,3,103,54%,43,70%,-,5,0%,13,1.71,113,32,714,14,57%,41,44%,135,49%,15,28,54%,31,13,62%,16,91,29,-,38%,0%,28,12,1,77%,1,9,200,55%,58,43%,10,20%,17,1.41
Alamara Viriato Djabi,Mafra U23,18,2006-09-28,,-,-,155,10,480,29,34%,11,36%,11,15,-,-,35,51%,7,43%,-,2,0%,5,0.27,30,9,215,6,100%,2,100%,24,75%,6,16,50%,9,-,-,4,15,6,-,20%,0%,16,5,1,85%,1,6,41,71%,3,67%,1,0%,3,1.4
Tiago Emanuel Jesus Morgado,CF Os Belenenses,31,1993-07-28,174,Direita,2022-06-30,187,33,3054,304,57%,110,60%,174,221,10,2,146,74%,30,77%,-,5,20%,33,1.26,190,36,1715,18,56%,250,51%,288,65%,31,125,64%,59,8,63%,50,172,74,-,33%,0%,30,11,-,78%,6,29,394,64%,161,58%,33,30%,24,7.8
Dje Davilla,Uniao Desportiva Leiria,22,2003-05-05,190,-,-,191,23,1902,139,55%,58,66%,44,29,2,-,93,71%,34,65%,-,6,0%,15,1.04,84,27,972,2,50%,8,0%,84,65%,21,42,64%,51,10,80%,37,123,39,-,33%,0%,31,5,-,88%,-,1,169,71%,32,56%,2,50%,12,0.28
Rodrigo Pereira,Alverca II,20,2004-09-19,,-,-,167,14,929,63,56%,20,55%,33,50,2,2,72,50%,37,54%,1,5,20%,5,0.67,67,12,425,2,50%,31,39%,37,54%,10,33,55%,10,17,53%,6,39,8,-,20%,20%,29,9,2,81%,-,4,66,68%,10,60%,8,38%,6,0.33
Ilounga Pata,Mafra U23,24,2000-11-12,182,Direita,2021-06-30,167,9,739,53,60%,22,64%,24,36,4,-,45,44%,8,75%,-,1,0%,3,0.45,50,13,328,10,50%,37,51%,33,73%,9,15,67%,4,-,-,15,33,13,-,33%,0%,22,7,2,76%,-,4,58,60%,8,75%,26,38%,9,2.53
Pité,Sport Clube Uniao Torreense,30,1994-08-22,189,Canhoto,2024-06-30,168,19,574,23,65%,8,75%,9,1,-,-,50,50%,12,67%,-,5,0%,15,1.41,25,6,150,2,50%,5,40%,17,53%,2,27,48%,15,5,80%,7,14,6,-,20%,0%,14,1,-,77%,1,2,34,56%,3,67%,4,50%,1,0.26
Rafa,Tirana,25,2000-02-15,,-,-,188,8,360,36,53%,14,64%,21,29,-,-,28,61%,4,75%,1,2,50%,6,0.28,17,1,181,2,50%,12,42%,23,74%,3,12,42%,8,-,-,11,15,6,1,50%,17%,7,-,-,82%,-,2,35,77%,8,88%,2,0%,-,0.34
Alex Soares,Portimonense SC,34,1991-03-01,179,Direita,2021-06-30,171,6,236,20,45%,8,63%,9,1,-,-,4,25%,2,50%,-,-,-,-,-,12,2,71,-,-,3,33%,14,43%,1,2,0%,7,-,-,5,7,2,-,-,-,4,-,-,72%,-,-,28,64%,6,50%,1,0%,-,0.14
Diogo Filipe Eusebio Paulo,CF Os Belenenses,23,2001-07-06,177,Canhoto,2022-06-30,189,32,2691,317,57%,123,63%,171,206,7,2,166,66%,76,74%,1,2,50%,13,0.48,149,27,1584,16,44%,131,45%,229,66%,31,87,59%,58,19,68%,62,180,50,-,15%,8%,32,10,1,84%,1,11,373,71%,110,61%,31,13%,14,6.28
Lucas Ventura,Hapoel Be'er Sheva,27,1998-05-19,180,Direita,2022-12-31,212,35,3260,238,65%,119,70%,143,176,10,3,241,68%,105,80%,1,10,20%,42,4.61,100,31,1356,12,42%,28,50%,124,73%,35,55,67%,41,21,62%,80,165,59,-,33%,2%,44,17,-,89%,2,11,238,74%,23,65%,3,0%,15,3.83
André Simões,Torreense U23,21,2003-08-17,176,-,-,181,26,1961,229,48%,149,50%,80,179,3,-,221,58%,131,68%,3,9,33%,34,3.2,132,21,1019,12,42%,112,54%,107,56%,19,33,48%,58,57,61%,62,102,43,-,35%,9%,67,14,1,84%,4,15,178,63%,58,60%,16,31%,4,5.48
Andrey,Mafra U23,21,2003-06-11,185,-,-,164,22,1445,159,57%,87,57%,64,89,6,3,117,56%,51,67%,1,3,33%,14,0.9,71,21,476,5,20%,18,44%,39,46%,17,29,45%,19,10,80%,42,77,28,-,21%,7%,36,23,-,82%,1,3,90,53%,19,68%,3,67%,6,1.31
Andrea Dacourt,-,19,2005-07-30,,-,-,160,4,151,19,53%,7,57%,7,12,-,-,16,44%,6,33%,-,-,-,1,0.03,12,6,82,1,0%,1,0%,10,70%,2,3,33%,8,2,50%,6,12,6,-,100%,0%,5,-,-,77%,-,-,12,67%,-,-,-,-,3,0.05
Hirotaka Mita,FC Tokyo,34,1990-09-14,173,Canhoto,2023-01-31,156,6,145,6,33%,3,0%,5,-,-,-,7,57%,3,67%,-,1,0%,4,0.44,7,1,60,2,100%,2,50%,7,71%,1,2,100%,4,2,50%,1,9,5,-,0%,0%,4,-,1,85%,-,2,16,75%,5,60%,1,0%,1,0.14
Agustin De Armas,Leixoes SC U23,20,2004-12-10,,-,-,165,25,2105,315,53%,175,54%,128,145,11,4,123,67%,46,87%,1,1,100%,8,0.91,84,16,886,6,17%,21,43%,98,58%,22,45,56%,41,2,100%,45,124,44,-,38%,13%,26,15,-,86%,1,4,157,62%,46,59%,4,25%,8,0.39
João Leal,Penafiel,19,2005-11-10,,-,-,-,4,44,4,75%,2,50%,-,-,-,-,2,0%,-,-,-,-,-,1,0.02,4,1,13,-,-,1,0%,2,100%,-,2,50%,-,-,-,-,-,-,-,0%,0%,3,1,-,92%,-,-,4,75%,1,0%,1,0%,-,-
Cláudio Mendes,Anadia FC,22,2002-10-11,176,-,-,164,20,655,53,42%,30,37%,27,36,2,2,45,64%,17,71%,-,-,-,1,0.02,36,10,200,1,0%,8,38%,24,42%,6,13,54%,19,2,50%,19,21,9,-,0%,0%,11,1,-,76%,-,1,48,52%,9,44%,5,20%,5,0.8
